timestamp,price
2025-07-10 10:55:12,156.750034890366
2025-07-10 10:56:13,156.87557881570163
2025-07-10 10:57:13,156.87654613161664
2025-07-10 10:58:13,156.81330231397268
2025-07-10 10:59:14,156.81562298769637
2025-07-10 11:00:14,156.94662448704977
2025-07-10 11:01:14,156.82639744538395
2025-07-10 11:02:14,156.92719157201364
2025-07-10 11:03:14,157.07605187004688
2025-07-10 11:04:15,156.90161986965052
2025-07-10 11:05:15,156.8693505354949
2025-07-10 11:06:16,156.82802512491557
2025-07-10 11:07:16,156.87041855724374
2025-07-10 11:08:16,156.80909241665137
2025-07-10 11:09:16,156.74144860747876
2025-07-10 11:10:17,156.67417144406897
2025-07-10 11:11:17,156.72174002981512
2025-07-10 11:12:17,156.56169286501228
2025-07-10 11:13:17,156.47636426921557
2025-07-10 11:14:17,156.28673753753247
2025-07-10 11:15:18,156.22013473155258
2025-07-10 11:16:18,156.2755080245461
2025-07-10 11:17:18,156.37630324043613
2025-07-10 11:18:18,156.65335386698877
2025-07-10 11:19:18,156.44978153012664
2025-07-10 11:20:19,156.44152160328943
2025-07-10 11:21:19,156.49855241018287
2025-07-10 11:22:19,156.76690050356663
2025-07-10 11:23:19,156.4334834564651
2025-07-10 11:24:20,156.32441007795018
2025-07-10 11:25:20,156.53819210780105
2025-07-10 11:26:20,156.41005507954722
2025-07-10 11:27:20,156.67979214661506
2025-07-10 11:28:20,156.7326198623312
2025-07-10 11:29:21,156.8252332346635
2025-07-10 11:30:21,156.79157293243279
2025-07-10 11:31:21,156.8764984516443
2025-07-10 11:32:21,156.64726378707113
2025-07-10 11:33:22,156.62717891779832
2025-07-10 11:34:22,156.41739560551784
2025-07-10 11:35:23,156.34751169599457
2025-07-10 11:36:23,156.37700479758539
2025-07-10 11:37:23,156.50671538067397
2025-07-10 11:38:23,156.38156368141964
2025-07-10 11:39:24,156.38156368141964
2025-07-10 11:40:24,156.46676849602457
2025-07-10 11:41:24,156.48737874782717
2025-07-10 11:42:24,155.96894930111964
2025-07-10 11:43:24,156.1081076688846
2025-07-10 11:44:25,156.2150660844947
2025-07-10 11:45:25,156.3099287917516
2025-07-10 11:46:25,156.16971621465683
2025-07-10 11:47:25,156.15670664808815
2025-07-10 11:48:25,156.1840042827691
2025-07-10 11:49:26,156.44131808831085
2025-07-10 11:50:26,156.43675205910324
2025-07-10 11:51:26,156.2687510698605
2025-07-10 11:52:27,156.40554207140264
2025-07-10 11:53:27,156.3529968443986
2025-07-10 11:54:27,156.38842903669843
2025-07-10 11:55:28,156.38023860168695
2025-07-10 11:56:28,156.3597446016019
2025-07-10 11:57:28,156.36692205204162
2025-07-10 11:58:28,156.60352298073747
2025-07-10 11:59:29,156.56116226250407
2025-07-10 12:00:29,156.56630881447015
2025-07-10 12:01:29,156.42768032599253
2025-07-10 12:02:29,156.55755110984683
2025-07-10 12:03:30,156.51129632618287
2025-07-10 12:04:30,156.38059372104993
2025-07-10 12:05:30,156.28168898881032
2025-07-10 12:06:31,156.26851189894853
2025-07-10 12:07:31,156.35781601211357
2025-07-10 12:08:31,156.59626323579897
2025-07-10 12:09:31,156.4617779453827
2025-07-10 12:10:32,156.62558797601943
2025-07-10 12:11:32,156.62389958374553
2025-07-10 12:12:32,156.4978888762029
2025-07-10 12:13:32,156.62826115077328
2025-07-10 12:14:32,156.47310260368252
2025-07-10 12:15:33,156.66237617173562
2025-07-10 12:16:33,156.5515427859492
2025-07-10 12:17:33,156.6609276853946
2025-07-10 12:18:33,156.92091689724467
2025-07-10 12:19:34,156.99743716471434
2025-07-10 12:20:34,156.9222024985641
2025-07-10 12:21:34,157.2076323484896
2025-07-10 12:22:34,157.05348592866832
2025-07-10 12:23:35,157.08136791109757
2025-07-10 12:24:35,157.79270976136178
2025-07-10 12:25:35,157.97437907755486
2025-07-10 12:26:36,158.32714928103803
2025-07-10 12:27:36,158.5333727186074
2025-07-10 12:28:37,158.51338781316304
2025-07-10 12:29:37,158.10526174201792
2025-07-10 12:30:37,158.44861085178056
2025-07-10 12:31:37,158.34029367389547
2025-07-10 12:32:37,158.25471827339234
2025-07-10 12:33:38,158.37593394951082
2025-07-10 12:34:38,158.66657841718117
2025-07-10 12:35:38,158.21188994404838
2025-07-10 12:36:38,158.0706879845606
2025-07-10 12:37:38,158.48378236626004
2025-07-10 12:38:39,158.5779387855213
2025-07-10 12:39:39,158.45452912237425
2025-07-10 12:40:39,158.50269744105216
2025-07-10 12:41:40,158.42369143191434
2025-07-10 12:42:40,158.4228036849108
2025-07-10 12:43:40,158.7904612342209
2025-07-10 12:44:40,158.7084462179884
2025-07-10 12:45:40,158.52876092358667
2025-07-10 12:46:41,158.6595714601903
2025-07-10 12:47:41,158.67158350137206
2025-07-10 12:48:41,158.31527610391905
2025-07-10 12:49:42,158.44086730957983
2025-07-10 12:50:42,158.38922063081884
2025-07-10 12:51:42,158.12622007892153
2025-07-10 12:52:42,158.15851553959436
2025-07-10 12:53:43,158.29194773698916
2025-07-10 12:54:43,158.27009997269067
2025-07-10 12:55:43,158.30325310660922
2025-07-10 12:56:44,158.48041496673386
2025-07-10 12:57:44,158.37427898258198
2025-07-10 12:58:44,158.39764778249224
2025-07-10 12:59:44,158.46606803678702
2025-07-10 13:00:45,158.4303657065772
2025-07-10 13:01:45,158.3844152737045
2025-07-10 13:02:45,158.17373334224266
2025-07-10 13:03:45,158.02593783970727
2025-07-10 13:04:46,158.28415146560624
2025-07-10 13:04:59,158.28233256639345
2025-07-10 13:06:00,158.45072651011355
2025-07-10 13:07:00,158.67931464143973
2025-07-10 13:08:00,158.68773735326602
2025-07-10 13:09:00,158.6159490641153
2025-07-10 13:10:01,159.09196401431842
2025-07-10 13:11:01,159.0543482352334
2025-07-10 13:12:01,159.0143043813623
2025-07-10 13:13:01,159.39342055317587
2025-07-10 13:14:01,159.3728523229447
2025-07-10 13:15:01,159.64740162155059
2025-07-10 13:16:02,159.17026198131586
2025-07-10 13:17:02,159.0539969029686
2025-07-10 13:18:02,159.13129113800755
2025-07-10 13:19:02,159.05313551481808
2025-07-10 13:20:02,159.206600135587
2025-07-10 13:21:03,159.29349107728632
2025-07-10 13:22:03,159.29066807662952
2025-07-10 13:23:03,159.1840811255179
2025-07-10 13:24:04,159.16220970860508
2025-07-10 13:25:04,159.324499850679
2025-07-10 13:26:04,159.39162300739673
2025-07-10 13:27:05,159.0456502070553
2025-07-10 13:28:05,159.0220144330726
2025-07-10 13:29:05,159.21249019472185
2025-07-10 13:30:05,159.33682112421414
2025-07-10 13:31:06,159.1341520295918
2025-07-10 13:32:06,159.35293625138866
2025-07-10 13:33:06,159.39094707389387
2025-07-10 13:34:07,159.517345684961
2025-07-10 13:35:07,159.54205112601232
2025-07-10 13:36:07,159.3799233241937
2025-07-10 13:37:08,159.36883270383385
2025-07-10 13:38:08,159.48600310393346
2025-07-10 13:39:08,159.54159800396073
2025-07-10 13:40:09,159.41608715113878
2025-07-10 13:41:09,159.55978510556503
2025-07-10 13:42:09,159.5667581308039
2025-07-10 13:43:10,159.46400501185332
2025-07-10 13:44:10,159.66364017677333
2025-07-10 13:45:10,159.9873313982553
2025-07-10 13:46:11,159.90496341035436
2025-07-10 13:47:11,159.3543022563135
2025-07-10 13:48:12,159.68977431875837
2025-07-10 13:49:12,159.74602525662002
2025-07-10 13:50:12,159.8430255987979
2025-07-10 13:51:13,159.83523858145628
2025-07-10 13:52:13,159.95579998566816
2025-07-10 13:53:13,160.93143812818502
2025-07-10 13:54:13,160.90619771207338
2025-07-10 13:55:14,160.87090335668825
2025-07-10 13:56:14,160.88379032315586
2025-07-10 13:57:14,161.11804541958182
2025-07-10 13:58:14,161.0142251429734
2025-07-10 13:59:15,160.91130466423496
2025-07-10 14:00:15,160.70255169212896
2025-07-10 14:01:15,160.8025631814981
2025-07-10 14:02:15,160.6722321936807
2025-07-10 14:03:16,160.71268147140833
2025-07-10 14:04:16,160.6712720160233
2025-07-10 14:05:16,160.62717614421172
2025-07-10 14:06:16,160.54215294513418
2025-07-10 14:07:17,160.81669317596555
2025-07-10 14:08:17,160.6781277630559
2025-07-10 14:09:18,160.6372341141625
2025-07-10 14:10:18,160.43438999757186
2025-07-10 14:11:18,160.53410021096335
2025-07-10 14:12:18,160.45088076730494
2025-07-10 14:13:19,160.3079408273348
2025-07-10 14:14:19,160.46862109081025
2025-07-10 14:15:19,160.43922174642876
2025-07-10 14:16:20,160.50942454984178
2025-07-10 14:17:20,160.52778052056397
2025-07-10 14:18:20,160.61588430315084
2025-07-10 14:19:20,160.58391988835317
2025-07-10 14:20:21,160.4387045487235
2025-07-10 14:21:21,160.66803996652035
2025-07-10 14:22:22,160.5649309140456
2025-07-10 14:23:22,160.43295460583
2025-07-10 14:24:23,160.36814010177827
2025-07-10 14:25:23,159.96308114568436
2025-07-10 14:26:23,159.74673775370718
2025-07-10 14:27:24,159.58437500137816
2025-07-10 14:28:24,159.55916600240698
2025-07-10 14:29:24,159.63709671560233
2025-07-10 14:30:25,159.4987880040414
2025-07-10 14:31:25,159.39422150694693
2025-07-10 14:32:25,159.42014396857036
2025-07-10 14:33:25,159.2564520783196
2025-07-10 14:34:26,159.3663262709981
2025-07-10 14:35:26,159.39074376718966
2025-07-10 14:36:26,159.58533155031915
2025-07-10 14:37:27,159.34493783170328
2025-07-10 14:38:27,158.94798975828274
2025-07-10 14:39:27,158.83201442366254
2025-07-10 14:40:28,158.7049794149839
2025-07-10 14:41:28,158.5668004027997
2025-07-10 14:42:28,158.66616128808758
2025-07-10 14:43:28,158.66616128808758
2025-07-10 14:44:29,158.66616128808758
2025-07-10 14:45:29,158.70685751587874
2025-07-10 14:46:29,158.77494039207707
2025-07-10 14:47:30,158.76921885633067
2025-07-10 14:48:30,158.84791618048123
2025-07-10 14:49:30,158.8156887847353
2025-07-10 14:50:30,158.96460421806933
2025-07-10 14:51:31,158.81775973894335
2025-07-10 14:52:31,158.98074958353604
2025-07-10 14:53:31,159.0430816657142
2025-07-10 14:54:31,159.1007795895415
2025-07-10 14:55:32,159.19212068996111
2025-07-10 14:56:32,159.215790796368
2025-07-10 14:57:32,159.13847326268183
2025-07-10 14:58:32,159.1292177012898
2025-07-10 14:59:33,159.1508803108247
2025-07-10 15:00:33,159.19396273904604
2025-07-10 15:01:33,158.99191706467994
2025-07-10 15:02:34,159.22501892563918
2025-07-10 15:03:34,159.49523647321587
2025-07-10 15:04:34,159.53856793358713
2025-07-10 15:05:34,159.57615308797295
2025-07-10 15:06:35,159.65636281354932
2025-07-10 15:07:35,159.6791564227732
2025-07-10 15:08:35,159.7268842655196
2025-07-10 15:09:35,159.74245796286863
2025-07-10 15:10:36,159.63700562270694
2025-07-10 15:11:36,159.64837725395785
2025-07-10 15:12:36,159.57436960010588
2025-07-10 15:13:37,159.7052138547269
2025-07-10 15:14:37,159.56741673607942
2025-07-10 15:15:37,159.70669733847822
2025-07-10 15:16:37,159.47443089666208
2025-07-10 15:17:38,159.6506218944894
2025-07-10 15:18:38,159.37031592571196
2025-07-10 15:19:38,159.64081478242076
2025-07-10 15:20:38,159.64480976987764
2025-07-10 15:21:39,159.60893242121472
2025-07-10 15:22:39,159.61810682105784
2025-07-10 15:23:39,159.42045028438832
2025-07-10 15:24:40,159.41940365528077
2025-07-10 15:25:40,159.51028062123967
2025-07-10 15:26:40,159.44921981517996
2025-07-10 15:27:40,159.33779785147883
2025-07-10 15:28:41,159.3371256245994
2025-07-10 15:29:41,159.4221841468874
2025-07-10 15:30:41,159.13447355817752
2025-07-10 15:31:41,158.97499428116137
2025-07-10 15:32:42,158.76665055010682
2025-07-10 15:33:42,158.77469905185515
2025-07-10 15:34:42,158.97703448820522
2025-07-10 15:35:43,158.82446823326504
2025-07-10 15:36:43,159.01871059266603
2025-07-10 15:37:43,158.94382564605283
2025-07-10 15:38:43,158.82589011190618
2025-07-10 15:39:44,158.95409564522828
2025-07-10 15:40:44,158.98964454941066
2025-07-10 15:41:45,158.90288525121846
2025-07-10 15:42:45,159.19112246347763
2025-07-10 15:43:45,159.09576466323458
2025-07-10 15:44:45,159.09674654181177
2025-07-10 15:45:46,159.13378806300153
2025-07-10 15:46:46,158.97697711289842
2025-07-10 15:47:47,159.09785624050448
2025-07-10 15:48:47,159.1658071460369
2025-07-10 15:49:47,159.06825661340622
2025-07-10 15:50:47,158.9694142365321
2025-07-10 15:51:48,158.88551533579786
2025-07-10 15:52:48,159.11455307747147
2025-07-10 15:53:49,158.90092345372378
2025-07-10 15:54:49,159.1920206964595
2025-07-10 15:55:49,159.39852594028685
2025-07-10 15:56:50,159.48349383561262
2025-07-10 15:57:50,159.40156520248675
2025-07-10 15:58:50,159.46069777331397
2025-07-10 15:59:50,159.41987076549785
2025-07-10 16:00:51,159.30818062156854
2025-07-10 16:01:51,159.49922090671637
2025-07-10 16:02:51,159.563938474083
2025-07-10 16:03:52,159.48044635010646
2025-07-10 16:04:52,159.64294729350405
2025-07-10 16:05:53,159.9791943219497
2025-07-10 16:06:53,160.06275537636182
2025-07-10 16:07:53,159.93236920523137
2025-07-10 16:08:54,160.11691720652271
2025-07-10 16:09:54,159.60984483121715
2025-07-10 16:10:54,159.7853917766343
2025-07-10 16:11:54,159.74271966867784
2025-07-10 16:12:55,159.8048371523404
2025-07-10 16:13:55,159.79797002162744
2025-07-10 16:14:55,159.9714727730977
2025-07-10 16:15:55,160.15394784501396
2025-07-10 16:16:56,160.21538291658237
2025-07-10 16:17:56,159.93153155235112
2025-07-10 16:18:56,159.85077102549283
2025-07-10 16:19:57,160.12680839350185
2025-07-10 16:20:57,160.13540276177707
2025-07-10 16:21:57,160.00213809705352
2025-07-10 16:22:57,160.1247294769495
2025-07-10 16:23:57,160.00966867766613
2025-07-10 16:24:58,160.1192324704515
2025-07-10 16:25:58,159.95784705913175
2025-07-10 16:26:58,159.85948264621555
2025-07-10 16:27:58,159.9938442499832
2025-07-10 16:28:59,160.1483511680362
2025-07-10 16:29:59,160.17964509044455
2025-07-10 16:30:59,160.29331655318143
2025-07-10 16:31:59,160.1665098374552
2025-07-10 16:32:59,160.31545660221246
2025-07-10 16:34:00,160.39886541486624
2025-07-10 16:35:00,160.327615470821
2025-07-10 16:36:00,160.28584177210746
2025-07-10 16:37:01,160.45042346221973
2025-07-10 16:38:01,160.3867880033047
2025-07-10 16:39:01,160.27646426988304
2025-07-10 16:40:01,160.32915880224678
2025-07-10 16:41:01,160.23587251866937
2025-07-10 16:42:01,160.20923049416973
2025-07-10 16:43:02,160.37549522619716
2025-07-10 16:44:02,160.37738946789221
2025-07-10 16:45:02,160.57385800232115
2025-07-10 16:46:02,160.42293946883024
2025-07-10 16:47:03,160.3658611840815
2025-07-10 16:48:03,160.3658611840815
2025-07-10 16:49:03,160.3658611840815
2025-07-10 16:50:03,160.19165816460776
2025-07-10 16:51:04,160.03827638118238
2025-07-10 16:52:04,160.20547477220805
2025-07-10 16:53:04,160.35403912557433
2025-07-10 16:54:04,160.46232292277986
2025-07-10 16:55:05,160.46721074969219
2025-07-10 16:56:05,160.4240527900529
2025-07-10 16:57:05,160.52906962024005
2025-07-10 16:58:05,160.4865756311284
2025-07-10 16:59:06,160.51483734881873
2025-07-10 17:00:06,160.41601237621293
2025-07-10 17:01:06,160.57684360797305
2025-07-10 17:02:06,160.73118191652662
2025-07-10 17:03:06,160.7351493836232
2025-07-10 17:04:07,160.7699404321721
2025-07-10 17:05:07,160.774208107425
2025-07-10 17:06:07,160.78335260619588
2025-07-10 17:07:08,160.7800080790377
2025-07-10 17:08:08,160.95380023686107
2025-07-10 17:09:08,160.79617174279673
2025-07-10 17:10:09,160.79720634200723
2025-07-10 17:11:09,160.91557906543443
2025-07-10 17:12:09,160.69991168326197
2025-07-10 17:13:10,160.8340057225151
2025-07-10 17:14:10,160.7763646934665
2025-07-10 17:15:10,160.56868769414905
2025-07-10 17:16:11,160.79816299113511
2025-07-10 17:17:11,161.16369978453463
2025-07-10 17:18:11,162.0432218899228
2025-07-10 17:19:11,162.39386449465982
2025-07-10 17:20:12,163.08475270364838
2025-07-10 17:21:12,162.53693742662847
2025-07-10 17:22:12,162.37596143549231
2025-07-10 17:23:13,162.79549419273465
2025-07-10 17:24:13,163.67195918790284
2025-07-10 17:25:13,162.9493730801365
2025-07-10 17:26:14,163.2060194662372
2025-07-10 17:27:14,163.07183095414052
2025-07-10 17:28:14,162.6461824142443
2025-07-10 17:29:14,162.88742729516986
2025-07-10 17:30:15,162.94831637893355
2025-07-10 17:31:15,163.1892569665955
2025-07-10 17:32:15,163.17195285961424
2025-07-10 17:33:15,162.93146935943602
2025-07-10 17:34:16,163.04766690005292
2025-07-10 17:35:16,163.0187378321744
2025-07-10 17:36:16,162.88405673538804
2025-07-10 17:37:17,162.80151775531377
2025-07-10 17:38:17,162.83605989276666
2025-07-10 17:39:17,162.82771007800346
2025-07-10 17:40:17,163.11442226402517
2025-07-10 17:41:18,163.08680437338677
2025-07-10 17:42:18,163.50105453397381
2025-07-10 17:43:18,163.8567994370986
2025-07-10 17:44:19,164.08173164156614
2025-07-10 17:45:19,163.47316465427676
2025-07-10 17:46:19,163.0993806740032
2025-07-10 17:47:20,163.161559361351
2025-07-10 17:48:20,162.9676995574148
2025-07-10 17:49:20,163.4715657600871
2025-07-10 17:50:20,163.98202468739825
2025-07-10 17:51:21,163.15698600967215
2025-07-10 17:52:21,163.64892755149324
2025-07-10 17:53:21,163.63241375817552
2025-07-10 17:54:21,163.88055014470808
2025-07-10 17:55:22,164.09032494607914
2025-07-10 17:56:22,164.04235511702834
2025-07-10 17:57:22,163.91622867794368
2025-07-10 17:58:22,163.74078711790108
2025-07-10 17:59:23,163.9379127651481
2025-07-10 18:00:23,163.7731414646648
2025-07-10 18:01:23,163.96792834874825
2025-07-10 18:02:23,163.74469562152643
2025-07-10 18:03:24,163.68930603397294
2025-07-10 18:04:24,163.56843161744325
2025-07-10 18:05:24,163.5319302521717
2025-07-10 18:06:24,163.63879230135197
2025-07-10 18:07:25,163.79801687486412
2025-07-10 18:08:25,164.03612424966335
2025-07-10 18:09:25,163.87569612582604
2025-07-10 18:10:25,164.25340203967122
2025-07-10 18:11:26,164.08085729479805
2025-07-10 18:12:26,163.89023385950412
2025-07-10 18:13:26,164.07675721168536
2025-07-10 18:14:26,164.20279218234663
2025-07-10 18:15:27,164.5066486905934
2025-07-10 18:16:27,164.82786613055242
2025-07-10 18:17:27,164.80384743498837
2025-07-10 18:18:28,164.85856521723173
2025-07-10 18:19:28,164.82418722363423
2025-07-10 18:20:28,165.08605215409227
2025-07-10 18:21:28,165.12496070241613
2025-07-10 18:22:28,165.1321599204199
2025-07-10 18:23:29,164.37878709497733
2025-07-10 18:24:29,164.20099476771594
2025-07-10 18:25:29,163.97514615831733
2025-07-10 18:26:30,163.93098480468478
2025-07-10 18:27:30,163.6976006659025
2025-07-10 18:28:30,164.08269392237005
2025-07-10 18:29:30,163.9180752286516
2025-07-10 18:30:31,163.58770742723763
2025-07-10 18:31:31,163.84942757877818
2025-07-10 18:32:31,163.6680123152566
2025-07-10 18:33:32,163.6892331143555
2025-07-10 18:34:32,163.8920234957998
2025-07-10 18:35:32,163.87250620930132
2025-07-10 18:36:33,163.76468741848373
2025-07-10 18:37:33,163.95443803057265
2025-07-10 18:38:33,164.23499135291212
2025-07-10 18:39:34,163.9398079213619
2025-07-10 18:40:34,163.93946167045823
2025-07-10 18:41:35,163.78133515166132
2025-07-10 18:42:35,164.1019467020334
2025-07-10 18:43:35,163.98038928187563
2025-07-10 18:44:36,164.0303740492335
2025-07-10 18:45:36,164.25620228129597
2025-07-10 18:46:36,164.38783365462024
2025-07-10 18:47:37,164.43091025950713
2025-07-10 18:48:37,164.7106943298457
2025-07-10 18:49:37,164.73159257979268
2025-07-10 18:50:38,164.74059318816347
2025-07-10 18:51:38,164.7118031497442
2025-07-10 18:52:39,164.8453352892368
2025-07-10 18:53:39,164.68930860904206
2025-07-10 18:54:39,164.6505429462021
2025-07-10 18:55:39,164.57259606302247
2025-07-10 18:56:40,164.69142137257623
2025-07-10 18:57:40,164.68763922756787
2025-07-10 18:58:40,164.86811580960216
2025-07-10 18:59:40,164.8649628252795
2025-07-10 19:00:41,164.55993239106562
2025-07-10 19:01:41,164.55798151116733
2025-07-10 19:02:41,164.7187819324568
2025-07-10 19:03:41,164.71968833374297
2025-07-10 19:04:42,164.60262570582498
2025-07-10 19:05:42,164.91659601733647
2025-07-10 19:06:43,165.10528704909078
2025-07-10 19:07:43,164.9294029274969
2025-07-10 19:08:43,165.1515476810766
2025-07-10 19:09:43,165.11180616762815
2025-07-10 19:10:44,165.0681376780993
2025-07-10 19:11:44,164.83327654904133
2025-07-10 19:12:45,164.63798547671456
2025-07-10 19:13:45,164.75194748358493
2025-07-10 19:14:45,164.71282298960165
2025-07-10 19:15:46,164.62567991955612
2025-07-10 19:16:46,164.74306747379308
2025-07-10 19:17:46,164.74985275059933
2025-07-10 19:18:47,164.5599128814173
2025-07-10 19:19:47,164.7031842443727
2025-07-10 19:20:47,164.3814184858444
2025-07-10 19:21:48,164.10954797277043
2025-07-10 19:22:48,164.22438533159433
2025-07-10 19:23:48,163.88688788444156
2025-07-10 19:24:49,163.95320042083236
2025-07-10 19:25:49,163.88147352676827
2025-07-10 19:26:49,163.76924559988197
2025-07-10 19:27:50,164.03470883158482
2025-07-10 19:28:50,163.78715022891305
2025-07-10 19:29:50,163.89095431453478
2025-07-10 19:30:50,163.9668022605114
2025-07-10 19:31:51,163.74369895984324
2025-07-10 19:32:52,163.58430510334745
2025-07-10 19:33:53,163.6877000400307
2025-07-10 19:34:53,163.34551582350585
2025-07-10 19:35:54,163.43031253724706
2025-07-10 19:36:54,163.32523812279578
2025-07-10 19:37:54,163.30702839767875
2025-07-10 19:38:54,163.28049769579775
2025-07-10 19:39:55,163.59953373988313
2025-07-10 19:40:55,163.46689403187838
2025-07-10 19:41:55,163.41574846517574
2025-07-10 19:42:56,163.56665107906468
2025-07-10 19:43:56,163.38929707216298
2025-07-10 19:44:56,163.51133713550072
2025-07-10 19:45:57,163.40006487592794
2025-07-10 19:46:57,163.30750607396538
2025-07-10 19:47:57,163.44620460847176
2025-07-10 19:48:58,163.55670242443776
2025-07-10 19:49:58,163.91104651995244
2025-07-10 19:50:58,163.90260144991495
2025-07-10 19:51:59,164.12134790933231
2025-07-10 19:52:59,164.2155248445138
2025-07-10 19:53:59,164.2155248445138
2025-07-10 19:54:59,164.33608662152412
2025-07-10 19:55:59,164.2145613140284
2025-07-10 19:57:00,164.1335496102008
2025-07-10 19:58:00,164.24467463699398
2025-07-10 19:59:00,164.2673893357044
2025-07-10 20:00:00,164.33484827135302
2025-07-10 20:01:00,164.2350543117257
2025-07-10 20:02:01,164.18852081400973
2025-07-10 20:03:01,164.206498999394
2025-07-10 20:04:01,164.29384225309957
2025-07-10 20:05:01,164.42176050275154
2025-07-10 20:06:01,164.3304497099836
2025-07-10 20:07:02,164.10252211603753
2025-07-10 20:08:02,164.0659616376032
2025-07-10 20:09:02,163.88308916979005
2025-07-10 20:10:02,164.24780386394113
2025-07-10 20:11:04,163.93686201092984
2025-07-10 20:12:05,163.92130576131714
2025-07-10 20:13:05,163.77299169697204
2025-07-10 20:14:06,163.81832868967194
2025-07-10 20:15:06,163.7109719752973
2025-07-10 20:16:07,163.48550103269847
2025-07-10 20:17:08,163.26401679449637
2025-07-10 20:18:08,163.27219315698136
2025-07-10 20:19:08,162.71210682799742
2025-07-10 20:20:08,162.83496280575977
2025-07-10 20:21:09,163.1249470635316
2025-07-10 20:22:09,163.03698328116928
2025-07-10 20:23:09,162.8224150105306
2025-07-10 20:24:09,162.6601331113461
2025-07-10 20:25:10,162.5331079458514
2025-07-10 20:26:10,162.1764021096915
2025-07-10 20:27:10,162.38223602494705
2025-07-10 20:28:11,162.0500898692761
2025-07-10 20:29:11,162.4039777048569
2025-07-10 20:30:11,162.3032248282233
2025-07-10 20:31:12,162.30006533111614
2025-07-10 20:32:12,162.51698881030313
2025-07-10 20:33:12,162.51150574522256
2025-07-10 20:34:12,162.7023209280576
2025-07-10 20:35:13,162.79737055788684
2025-07-10 20:36:14,163.04904777548873
2025-07-10 20:37:15,162.83661729553842
2025-07-10 20:38:15,163.06885327965813
2025-07-10 20:39:15,162.92748724401713
2025-07-10 20:40:15,163.0012212379967
2025-07-10 20:41:16,162.68565488015867
2025-07-10 20:42:16,162.8362356427226
2025-07-10 20:43:16,162.85772995561143
2025-07-10 20:44:17,162.6570308546051
2025-07-10 20:45:17,162.55283323754492
2025-07-10 20:46:18,162.9338134872635
2025-07-10 20:47:18,163.01036803834037
2025-07-10 20:48:19,162.78884455501662
2025-07-10 20:49:19,162.89529947105353
2025-07-10 20:50:19,162.81752824579226
2025-07-10 20:51:19,162.82104653048492
2025-07-10 20:52:20,162.76994145718112
2025-07-10 20:53:20,162.85693199906754
2025-07-10 20:54:21,162.67514099807775
2025-07-10 20:55:21,162.73704801874945
2025-07-10 20:56:22,162.7992334514631
2025-07-10 20:57:22,163.21472978256733
2025-07-10 20:58:22,163.21472978256733
2025-07-10 20:59:23,163.18990428889248
2025-07-10 21:00:23,163.1848515653485
2025-07-10 21:01:24,163.04902608613628
2025-07-10 21:02:24,163.27135221601986
2025-07-10 21:03:24,163.27864864814396
2025-07-10 21:04:25,163.57579630878047
2025-07-10 21:05:25,163.50963333541972
2025-07-10 21:06:25,163.49922562810562
2025-07-10 21:07:25,163.68332468320395
2025-07-10 21:08:26,163.70323030914355
2025-07-10 21:09:26,163.69676233361963
2025-07-10 21:10:26,163.6041326756474
2025-07-10 21:11:26,163.56637930587902
2025-07-10 21:12:27,163.5919202775173
2025-07-10 21:13:27,163.66025069447142
2025-07-10 21:14:27,163.8165441520326
2025-07-10 21:15:28,163.79528924960377
2025-07-10 21:16:28,164.09943546943398
2025-07-10 21:17:28,163.8419047035486
2025-07-10 21:18:29,163.84381529693
2025-07-10 21:19:29,163.66552066326562
2025-07-10 21:20:29,164.0365969973764
2025-07-10 21:21:30,164.2387700879394
2025-07-10 21:22:30,164.15500876594365
2025-07-10 21:23:30,164.18836567684474
2025-07-10 21:24:30,164.39139738018093
2025-07-10 21:25:31,164.52608354392248
2025-07-10 21:26:31,164.43123130721105
2025-07-10 21:27:31,164.58761877631215
2025-07-10 21:28:32,164.62390393730453
2025-07-10 21:29:32,164.412833870557
2025-07-10 21:30:32,164.58429846407196
2025-07-10 21:31:32,164.51232545025607
2025-07-10 21:32:33,164.5287342957511
2025-07-10 21:33:34,164.71795445965614
2025-07-10 21:34:34,164.60298522536453
2025-07-10 21:35:34,164.55370212589972
2025-07-10 21:36:34,164.56306848832565
2025-07-10 21:37:35,164.37215675818476
2025-07-10 21:38:35,164.66339435508863
2025-07-10 21:39:35,164.51477032524286
2025-07-10 21:40:36,164.41613412255572
2025-07-10 21:41:36,164.52576656978727
2025-07-10 21:42:36,164.51405889685864
2025-07-10 21:43:37,164.6284136830511
2025-07-10 21:44:37,164.6334059033449
2025-07-10 21:45:37,164.56935912169263
2025-07-10 21:46:37,164.56384373547948
2025-07-10 21:47:38,164.3696240172099
2025-07-10 21:48:38,164.5023384184731
2025-07-10 21:49:38,164.5647349679784
2025-07-10 21:50:38,164.35460432560492
2025-07-10 21:51:39,164.32435975508847
2025-07-10 21:52:39,164.06905437359865
2025-07-10 21:53:39,164.0945925513963
2025-07-10 21:54:40,164.03946420403614
2025-07-10 21:55:40,164.13352551263648
2025-07-10 21:56:40,164.2182633067182
2025-07-10 21:57:41,164.33863497672152
2025-07-10 21:58:41,164.23844190745857
2025-07-10 21:59:41,164.6000365956671
2025-07-10 22:00:41,164.3390546567255
2025-07-10 22:01:42,164.3516183276007
2025-07-10 22:02:42,164.38918597526123
2025-07-10 22:03:42,164.25592950499262
2025-07-10 22:04:42,164.18099851384673
2025-07-10 22:05:43,164.25829609674597
2025-07-10 22:06:43,164.6858161791194
2025-07-10 22:07:43,164.63224416869184
2025-07-10 22:08:43,164.38660368133517
2025-07-10 22:09:44,164.10425286877233
2025-07-10 22:10:44,164.08025535644495
2025-07-10 22:11:44,164.2757514216348
2025-07-10 22:12:45,164.31434946201705
2025-07-10 22:13:45,164.64130852277594
2025-07-10 22:14:45,164.53870893863382
2025-07-10 22:15:46,164.63000093264728
2025-07-10 22:16:46,164.90287866894155
2025-07-10 22:17:46,164.7412094106848
2025-07-10 22:18:47,164.9784995009582
2025-07-10 22:19:47,164.8790754992374
2025-07-10 22:20:47,164.8790754992374
2025-07-10 22:21:48,164.86964048510825
2025-07-10 22:22:48,164.83630246882396
2025-07-10 22:23:48,164.83590043381167
2025-07-10 22:24:49,164.695730098369
2025-07-10 22:25:49,164.695730098369
2025-07-10 22:26:49,164.92599385715621
2025-07-10 22:27:50,164.92918218968535
2025-07-10 22:28:50,164.96967140744857
2025-07-10 22:29:50,164.97453482938215
2025-07-10 22:30:51,164.84047514378645
2025-07-10 22:31:51,164.96241651697926
2025-07-10 22:32:51,164.8208357212978
2025-07-10 22:33:52,164.8949229096744
2025-07-10 22:34:52,164.9979301238666
2025-07-10 22:35:52,164.76021460818825
2025-07-10 22:36:53,164.91474502853373
2025-07-10 22:37:53,164.83578904662963
2025-07-10 22:38:53,165.12749795678042
2025-07-10 22:39:54,164.9937228580797
2025-07-10 22:40:54,164.94683133563234
2025-07-10 22:41:54,165.09220070666618
2025-07-10 22:42:54,165.17217919156886
2025-07-10 22:43:54,165.0598552200271
2025-07-10 22:44:55,164.93418876555174
2025-07-10 22:45:55,164.8378555029715
2025-07-10 22:46:55,164.74525867474765
2025-07-10 22:47:55,164.91630713671935
2025-07-10 22:48:56,164.9399216655535
2025-07-10 22:49:56,165.0299340779717
2025-07-10 22:50:56,164.8913078372916
2025-07-10 22:51:56,164.98712801598572
2025-07-10 22:52:57,165.1325926715986
2025-07-10 22:53:57,164.986395984726
2025-07-10 22:54:57,165.12073162960485
2025-07-10 22:55:57,164.81392793297522
2025-07-10 22:56:57,164.92632708008782
2025-07-10 22:57:57,164.81115553640035
2025-07-10 22:58:58,164.98603098963045
2025-07-10 22:59:58,165.01911680004352
2025-07-10 23:00:58,164.88899344791733
2025-07-10 23:01:58,164.77251557119826
2025-07-10 23:02:58,164.85591790369472
2025-07-10 23:03:59,164.5608333069373
2025-07-10 23:04:59,164.74682432243765
2025-07-10 23:05:59,164.83506490083937
2025-07-10 23:06:59,164.765490659908
2025-07-10 23:08:00,164.7893619579922
2025-07-10 23:09:00,164.7918854067854
2025-07-10 23:10:00,164.78030731346323
2025-07-10 23:11:01,164.55867604747542
2025-07-10 23:12:01,164.6411993284449
2025-07-10 23:13:01,164.61244830784668
2025-07-10 23:14:02,164.621100160306
2025-07-10 23:15:02,164.47630452173183
2025-07-10 23:16:02,164.40551776288365
2025-07-10 23:17:02,164.5542468549688
2025-07-10 23:18:03,164.35359022486608
2025-07-10 23:19:03,164.59589017829146
2025-07-10 23:20:03,164.54852251062167
2025-07-10 23:21:03,164.74198628633394
2025-07-10 23:22:03,164.7139974251953
2025-07-10 23:23:04,164.75309540074315
2025-07-10 23:24:04,164.65562450896203
2025-07-10 23:25:05,164.78500057061163
2025-07-10 23:26:05,164.78836998187617
2025-07-10 23:27:05,164.6072517221577
2025-07-10 23:28:06,164.74812921256063
2025-07-10 23:29:06,164.61363623768045
2025-07-10 23:30:06,164.79499101280715
2025-07-10 23:31:06,164.51745893451357
2025-07-10 23:32:07,164.690489829369
2025-07-10 23:33:07,164.51808599664173
2025-07-10 23:34:07,164.43192226489884
2025-07-10 23:35:07,164.55727063158938
2025-07-10 23:36:08,164.55481537616885
2025-07-10 23:37:08,164.40957299902817
2025-07-10 23:38:09,164.39998169443194
2025-07-10 23:39:09,164.05210339413136
2025-07-10 23:40:09,164.19377871100968
2025-07-10 23:41:09,164.19379222462234
2025-07-10 23:42:10,164.28252049735818
2025-07-10 23:43:10,164.54230762458624
2025-07-10 23:44:10,164.7377890064449
2025-07-10 23:45:11,164.8683389257487
2025-07-10 23:46:11,164.73160702259898
2025-07-10 23:47:11,164.87098857404027
2025-07-10 23:48:11,164.9089594911971
2025-07-10 23:49:12,165.04500712033135
2025-07-10 23:50:12,165.11240906843918
2025-07-10 23:51:12,164.9782488686408
2025-07-10 23:52:13,165.1106150103842
2025-07-10 23:53:13,165.2349734270907
2025-07-10 23:54:13,165.33859368053322
2025-07-10 23:55:14,165.19221348088274
2025-07-10 23:56:14,165.32816968239052
2025-07-10 23:57:14,165.19987435537828
2025-07-10 23:58:15,165.2551670422958
2025-07-10 23:59:15,165.2864165865087
2025-07-11 00:00:15,165.03521020440246
2025-07-11 00:01:16,164.77471713956731
2025-07-11 00:02:16,164.86787251248157
2025-07-11 00:03:16,164.99943750297572
2025-07-11 00:04:17,164.78200868534023
2025-07-11 00:05:17,164.91577943802497
2025-07-11 00:06:17,164.81969865722147
2025-07-11 00:07:18,164.9358115090875
2025-07-11 00:08:18,164.68697161691415
2025-07-11 00:09:18,164.76403291147392
2025-07-11 00:10:18,164.5562630804686
2025-07-11 00:11:19,164.51170164838842
2025-07-11 00:12:19,164.46271324012926
2025-07-11 00:13:19,164.55894863269899
2025-07-11 00:14:20,164.3723107469195
2025-07-11 00:15:20,164.5264356656127
2025-07-11 00:16:20,164.4945655246398
2025-07-11 00:17:21,164.50248386470065
2025-07-11 00:18:21,164.63601730676928
2025-07-11 00:19:21,164.42188588449935
2025-07-11 00:20:22,164.43807514385577
2025-07-11 00:21:22,164.40173982057036
2025-07-11 00:22:22,164.34573830767349
2025-07-11 00:23:23,164.4527292927466
2025-07-11 00:24:23,164.58856322454037
2025-07-11 00:25:23,164.69754435098042
2025-07-11 00:26:23,164.5128747763818
2025-07-11 00:27:24,164.67485379929857
2025-07-11 00:28:24,164.70994905731342
2025-07-11 00:29:24,164.53543375552385
2025-07-11 00:30:25,164.6129234559694
2025-07-11 00:31:25,164.3261882898736
2025-07-11 00:32:25,164.30979793069744
2025-07-11 00:33:25,164.2066492279957
2025-07-11 00:34:26,164.16564642163
2025-07-11 00:35:26,164.15848961611414
2025-07-11 00:36:26,164.37796109081555
2025-07-11 00:37:26,164.25210987506577
2025-07-11 00:38:27,164.36696123775116
2025-07-11 00:39:27,164.24406717080325
2025-07-11 00:40:27,164.37793959345098
2025-07-11 00:41:27,164.39441730425332
2025-07-11 00:42:28,164.27224309669376
2025-07-11 00:43:28,164.5753482644831
2025-07-11 00:44:28,164.63247031811608
2025-07-11 00:45:29,164.4307611952517
2025-07-11 00:46:29,164.6372046230978
2025-07-11 00:47:29,164.66897079180902
2025-07-11 00:48:29,164.9442045950111
2025-07-11 00:49:29,164.79561526749288
2025-07-11 00:50:30,164.86901949482709
2025-07-11 00:51:30,164.74038798703137
2025-07-11 00:52:30,164.98275807350313
2025-07-11 00:53:31,165.03882029441345
2025-07-11 00:54:31,164.85119798953497
2025-07-11 00:55:31,165.04952502407107
2025-07-11 00:56:31,165.05156104734834
2025-07-11 00:57:32,164.92237558538068
2025-07-11 00:58:32,165.04050420324512
2025-07-11 00:59:32,165.0379954217164
2025-07-11 01:00:33,165.09278991243792
2025-07-11 01:01:33,164.96518061400656
2025-07-11 01:02:33,165.15437668620032
2025-07-11 01:03:33,165.15237359933627
2025-07-11 01:04:34,165.06244914728867
2025-07-11 01:05:34,165.32916826931688
2025-07-11 01:06:34,165.23905606774707
2025-07-11 01:07:35,165.40597503886542
2025-07-11 01:08:35,165.55560502980506
2025-07-11 01:09:35,165.53618759096022
2025-07-11 01:10:35,165.51696234555286
2025-07-11 01:11:35,165.27997250150992
2025-07-11 01:12:36,165.4775380473554
2025-07-11 01:13:36,165.33965658471985
2025-07-11 01:14:36,165.53248217502806
2025-07-11 01:15:36,165.69675688655408
2025-07-11 01:16:37,165.67477083845938
2025-07-11 01:17:37,165.87318580456966
2025-07-11 01:18:37,165.766860676961
2025-07-11 01:19:37,165.70383699849734
2025-07-11 01:20:37,165.54314356951411
2025-07-11 01:21:38,165.4861568822679
2025-07-11 01:22:38,165.50839024041343
2025-07-11 01:23:38,165.55380544634733
2025-07-11 01:24:39,165.6646853579612
2025-07-11 01:25:39,165.59713678163354
2025-07-11 01:26:39,165.50090049327977
2025-07-11 01:27:40,165.49641398249906
2025-07-11 01:28:40,165.49156286520758
2025-07-11 01:29:40,165.39076658639067
2025-07-11 01:30:40,165.3884013190488
2025-07-11 01:31:41,165.35699047753616
2025-07-11 01:32:41,165.47630008504902
2025-07-11 01:33:41,165.7005143920299
2025-07-11 01:34:42,165.97996489022674
2025-07-11 01:35:42,165.90707612910074
2025-07-11 01:36:42,166.06189584540172
2025-07-11 01:37:42,166.02208987223923
2025-07-11 01:38:42,165.7999681874274
2025-07-11 01:39:43,166.1481214492697
2025-07-11 01:40:43,166.08345939321737
2025-07-11 01:41:43,166.0520025328066
2025-07-11 01:42:43,165.76291168335555
2025-07-11 01:43:44,165.89761333308746
2025-07-11 01:44:44,165.83165362563466
2025-07-11 01:45:44,165.70943448860993
2025-07-11 01:46:44,166.1381321453499
2025-07-11 01:47:45,166.17345224573913
2025-07-11 01:48:45,166.60235524494743
2025-07-11 01:49:45,166.45588768813755
2025-07-11 01:50:46,166.40838883640012
2025-07-11 01:51:46,166.7486848287668
2025-07-11 01:52:46,166.7311303384222
2025-07-11 01:53:47,166.77746101175313
2025-07-11 01:54:47,166.54789385783394
2025-07-11 01:55:47,166.1172587288241
2025-07-11 01:56:47,165.67645618247454
2025-07-11 01:57:48,165.55457861560845
2025-07-11 01:58:48,165.5738006146622
2025-07-11 01:59:48,165.47163290174572
2025-07-11 02:00:48,165.15893890704314
2025-07-11 02:01:49,165.40482481541608
2025-07-11 02:02:49,165.16045208668731
2025-07-11 02:03:49,165.22257727716655
2025-07-11 02:04:49,165.53666379177315
2025-07-11 02:05:50,165.67111533777054
2025-07-11 02:06:50,165.9393099693694
2025-07-11 02:07:51,165.91935780893314
2025-07-11 02:08:51,165.7685609740044
2025-07-11 02:09:51,165.78462476602886
2025-07-11 02:10:51,165.47254039768978
2025-07-11 02:11:51,165.33370843803186
2025-07-11 02:12:52,165.43320713385918
2025-07-11 02:13:52,165.34982196912296
2025-07-11 02:14:52,165.32080707639753
2025-07-11 02:15:52,165.17689156401133
2025-07-11 02:16:53,165.32074471799842
2025-07-11 02:17:53,165.50679714195107
2025-07-11 02:18:53,165.45435461684266
2025-07-11 02:19:53,165.52459534282428
2025-07-11 02:20:53,165.38153011348896
2025-07-11 02:21:54,165.63036902733293
2025-07-11 02:22:54,165.7915914598844
2025-07-11 02:23:54,165.7553224352698
2025-07-11 02:24:54,165.6055717618337
2025-07-11 02:25:55,165.56969690355405
2025-07-11 02:26:55,165.62549276961408
2025-07-11 02:27:55,165.52328207298817
2025-07-11 02:28:55,165.38933068870028
2025-07-11 02:29:56,165.4276351173618
2025-07-11 02:30:56,165.4242621384436
2025-07-11 02:31:56,165.232051625723
2025-07-11 02:32:57,165.39727441391668
2025-07-11 02:33:57,165.10074125488217
2025-07-11 02:34:57,165.05703520363767
2025-07-11 02:35:57,165.29922397236115
2025-07-11 02:36:58,164.93563751028861
2025-07-11 02:37:58,164.9671156436492
2025-07-11 02:38:58,164.98162256927017
2025-07-11 02:39:58,164.79726807660597
2025-07-11 02:40:59,164.93955086345295
2025-07-11 02:41:59,164.79623988883137
2025-07-11 02:42:59,164.70461865828767
2025-07-11 02:43:59,164.70756631899312
2025-07-11 02:45:00,164.76547772117118
2025-07-11 02:46:00,164.52887774948456
2025-07-11 02:47:00,164.35486373066263
2025-07-11 02:48:01,164.30699477830643
2025-07-11 02:49:01,163.64779429927262
2025-07-11 02:50:01,163.71524416079717
2025-07-11 02:51:01,163.99517378849797
2025-07-11 02:52:02,163.87506600562932
2025-07-11 02:53:02,163.72366271559602
2025-07-11 02:54:02,163.98697627806047
2025-07-11 02:55:02,163.94187102365035
2025-07-11 02:56:03,163.86706948774778
2025-07-11 02:57:03,164.00753072614282
2025-07-11 02:58:03,163.98805842400114
2025-07-11 02:59:04,163.63563614704407
2025-07-11 03:00:04,163.6585133785797
2025-07-11 03:01:04,163.40359457789654
2025-07-11 03:02:05,163.6058909798326
2025-07-11 03:03:05,163.53975811986928
2025-07-11 03:04:05,163.59434749309668
2025-07-11 03:05:05,163.41475002002014
2025-07-11 03:06:06,163.1997530372213
2025-07-11 03:07:06,163.43958118952466
2025-07-11 03:08:06,163.28387544542574
2025-07-11 03:09:07,163.4658503997781
2025-07-11 03:10:07,163.4476899118226
2025-07-11 03:11:07,163.53137594826492
2025-07-11 03:12:08,163.4843145463475
2025-07-11 03:13:08,163.36279133157512
2025-07-11 03:14:08,163.48848541082165
2025-07-11 03:15:08,163.24013372087975
2025-07-11 03:16:09,163.57873285099984
2025-07-11 03:17:09,163.49737652896283
2025-07-11 03:18:09,163.82788248691074
2025-07-11 03:19:09,163.86308841873006
2025-07-11 03:20:10,163.909698640716
2025-07-11 03:21:10,163.95419046476144
2025-07-11 03:22:10,164.19229772426638
2025-07-11 03:23:10,164.20143038587628
2025-07-11 03:24:11,164.1681078524394
2025-07-11 03:25:11,164.10497530949763
2025-07-11 03:26:11,164.218043766914
2025-07-11 03:27:11,164.18167916710192
2025-07-11 03:28:11,164.11820959769145
2025-07-11 03:29:12,164.11843510684693
2025-07-11 03:30:12,164.29751910789804
2025-07-11 03:31:12,164.08709549710525
2025-07-11 03:32:13,163.99875882384725
2025-07-11 03:33:13,164.058056963072
2025-07-11 03:34:14,164.11910824624042
2025-07-11 03:35:14,164.24756787337427
2025-07-11 03:36:14,164.2101733319477
2025-07-11 03:37:14,164.23273465852807
2025-07-11 03:38:15,164.19311153786902
2025-07-11 03:39:15,164.2057486956802
2025-07-11 03:40:16,164.27288482078714
2025-07-11 03:41:16,164.09571249715248
2025-07-11 03:42:16,164.07299350333568
2025-07-11 03:43:16,164.2415193424264
2025-07-11 03:44:16,164.28167170108557
2025-07-11 03:45:17,164.31227572041928
2025-07-11 03:46:17,164.15038874723913
2025-07-11 03:47:17,164.21284961590212
2025-07-11 03:48:18,163.99922744701408
2025-07-11 03:49:18,163.91766405693335
2025-07-11 03:50:18,163.81862040402223
2025-07-11 03:51:19,163.9099366943606
2025-07-11 03:52:19,163.7480682969419
2025-07-11 03:53:19,163.75019466536415
2025-07-11 03:54:19,163.62744207222983
2025-07-11 03:55:20,163.56708814085948
2025-07-11 03:56:20,163.4853421653469
2025-07-11 03:57:20,163.51474955018895
2025-07-11 03:58:21,163.57428402829333
2025-07-11 03:59:21,163.49881077281012
2025-07-11 04:00:21,163.43286779431617
2025-07-11 04:01:21,163.71919552046515
2025-07-11 04:02:21,163.6282730857592
2025-07-11 04:03:22,163.6020017237592
2025-07-11 04:04:22,163.3582113419945
2025-07-11 04:05:23,163.49397457135078
2025-07-11 04:06:23,163.51770189934092
2025-07-11 04:07:23,163.67745677059952
2025-07-11 04:08:23,163.6729895075593
2025-07-11 04:09:23,163.69958927330185
2025-07-11 04:10:24,163.7382698797618
2025-07-11 04:11:24,163.59441875372048
2025-07-11 04:12:24,163.71619389052262
2025-07-11 04:13:25,163.58544998982507
2025-07-11 04:14:25,163.54511767079268
2025-07-11 04:15:25,163.57243970660386
2025-07-11 04:16:25,163.51179503692282
2025-07-11 04:17:26,163.75115883590993
2025-07-11 04:18:26,163.92913972883287
2025-07-11 04:19:26,163.80034343993262
2025-07-11 04:20:27,163.78224199832823
2025-07-11 04:21:27,163.74109831220795
2025-07-11 04:22:28,163.86142872647724
2025-07-11 04:23:28,163.89062932054833
2025-07-11 04:24:28,163.91418238672657
2025-07-11 04:25:29,163.96247160865482
2025-07-11 04:26:29,163.98772162749984
2025-07-11 04:27:29,163.93778715400228
2025-07-11 04:28:29,163.93689751284833
2025-07-11 04:29:29,163.88746617968104
2025-07-11 04:30:30,163.77907026525884
2025-07-11 04:31:30,163.59751918369574
2025-07-11 04:32:30,163.65690029613452
2025-07-11 04:33:30,163.65210238764078
2025-07-11 04:34:30,163.52138819491165
2025-07-11 04:35:31,163.91316103155614
2025-07-11 04:36:31,163.9877453272084
2025-07-11 04:37:31,163.7042665032133
2025-07-11 04:38:31,163.65058452908318
2025-07-11 04:39:31,163.64196112115286
2025-07-11 04:40:32,163.6026969985603
2025-07-11 04:41:32,163.64665213868625
2025-07-11 04:42:33,163.8001476764045
2025-07-11 04:43:33,163.89313452716354
2025-07-11 04:44:33,164.10830332701337
2025-07-11 04:45:33,163.92167091615653
2025-07-11 04:46:33,163.8753444165942
2025-07-11 04:47:34,163.73121226415955
2025-07-11 04:48:34,163.9219906004166
2025-07-11 04:49:34,163.89650501091893
2025-07-11 04:50:35,163.71047362793877
2025-07-11 04:51:35,163.88658537368866
2025-07-11 04:52:35,163.8262398627258
2025-07-11 04:53:35,163.74471748855402
2025-07-11 04:54:36,163.73626009625963
2025-07-11 04:55:36,163.81775664894926
2025-07-11 04:56:36,163.68554934991968
2025-07-11 04:57:37,163.6852796602507
2025-07-11 04:58:37,163.88906707725192
2025-07-11 04:59:37,163.93975827107798
2025-07-11 05:00:37,163.93995196175229
2025-07-11 05:01:38,163.80966627701804
2025-07-11 05:02:38,163.8019331421916
2025-07-11 05:03:38,163.8163108312228
2025-07-11 05:04:38,163.74182974037106
2025-07-11 05:05:38,163.87546437478713
2025-07-11 05:06:38,163.7581761819754
2025-07-11 05:07:39,163.69644643571633
2025-07-11 05:08:39,163.80662441643153
2025-07-11 05:09:39,163.81685444039374
2025-07-11 05:10:39,164.04086520424036
2025-07-11 05:11:39,163.93470829935268
2025-07-11 05:12:40,164.06780275582548
2025-07-11 05:13:40,164.0707842348779
2025-07-11 05:14:40,163.92969951637093
2025-07-11 05:15:40,164.12023141646003
2025-07-11 05:16:41,164.4305381550633
2025-07-11 05:17:41,164.47187282680986
2025-07-11 05:18:41,164.53905424784955
2025-07-11 05:19:41,164.40775801496426
2025-07-11 05:20:42,164.44098747419318
2025-07-11 05:21:42,164.56016728806088
2025-07-11 05:22:42,164.4061060943733
2025-07-11 05:23:42,164.67645741722785
2025-07-11 05:24:42,164.68903253898856
2025-07-11 05:25:43,164.51662343071624
2025-07-11 05:26:43,164.71411877350903
2025-07-11 05:27:43,164.60980304219893
2025-07-11 05:28:44,164.81792905218273
2025-07-11 05:28:44,164.81792905218273
2025-07-11 05:29:44,164.75
2025-07-11 05:30:44,164.68
2025-07-11 05:31:44,164.60
2025-07-11 05:32:44,164.52
2025-07-11 05:33:44,164.45
2025-07-11 05:34:44,164.38
2025-07-11 05:35:44,164.30
2025-07-11 05:36:44,164.22
2025-07-11 05:37:44,164.15
2025-07-11 05:38:44,164.08
2025-07-11 05:39:44,164.00
2025-07-11 05:40:44,163.92
2025-07-11 05:41:44,163.85
2025-07-11 05:42:44,163.78
2025-07-11 05:43:44,163.70
2025-07-11 05:44:44,163.63
2025-07-11 05:45:44,163.55
2025-07-11 05:46:44,163.48
2025-07-11 05:47:44,163.40
2025-07-11 05:48:44,163.33
2025-07-11 05:49:44,163.26
2025-07-11 05:50:44,163.18
2025-07-11 05:51:44,163.10
2025-07-11 05:52:44,163.03
2025-07-11 05:53:44,162.96
2025-07-11 05:54:44,162.88
2025-07-11 05:55:44,162.80
2025-07-11 05:56:44,162.73
2025-07-11 05:57:44,162.66
2025-07-11 05:58:44,162.58
2025-07-11 05:59:44,162.50
2025-07-11 06:00:44,162.43
2025-07-11 06:01:44,162.36
2025-07-11 06:02:44,162.28
2025-07-11 06:03:44,162.20
2025-07-11 06:04:44,162.13
2025-07-11 06:05:44,162.06
2025-07-11 06:06:44,161.98
2025-07-11 06:07:44,161.90
2025-07-11 06:08:44,161.83
2025-07-11 06:09:44,161.76
2025-07-11 06:10:44,161.68
2025-07-11 06:11:44,161.60
2025-07-11 06:12:44,161.53
2025-07-11 06:13:44,161.46
2025-07-11 06:14:44,161.38
2025-07-11 06:15:44,161.30
2025-07-11 06:16:44,161.23
2025-07-11 06:17:44,161.16
2025-07-11 06:18:44,161.08
2025-07-11 06:19:44,161.00
2025-07-11 06:20:44,161.05
2025-07-11 06:21:44,161.10
2025-07-11 06:22:44,161.15
2025-07-11 06:23:44,161.20
2025-07-11 06:24:44,161.25
2025-07-11 06:25:44,161.30
2025-07-11 06:26:44,161.35
2025-07-11 06:27:44,161.40
2025-07-11 06:28:44,161.45
2025-07-11 06:29:44,161.50
2025-07-11 06:30:44,161.55
2025-07-11 06:31:44,161.60
2025-07-11 06:32:44,161.65
2025-07-11 06:33:44,161.70
2025-07-11 06:34:44,161.75
2025-07-11 06:35:44,161.80
2025-07-11 06:36:44,161.85
2025-07-11 06:37:44,161.90
2025-07-11 06:38:44,161.95
2025-07-11 06:39:44,162.00
2025-07-11 06:40:44,162.05
2025-07-11 06:41:44,162.10
2025-07-11 06:42:44,162.15
2025-07-11 06:43:44,162.20
2025-07-11 06:44:44,162.25
2025-07-11 06:45:44,162.30
2025-07-11 06:46:44,162.35
2025-07-11 06:47:44,162.40
2025-07-11 06:48:44,162.45
2025-07-11 06:49:44,162.50
2025-07-11 06:50:44,162.55
2025-07-11 06:51:44,162.60
2025-07-11 06:52:44,162.65
2025-07-11 06:53:44,162.70
2025-07-11 06:54:44,162.75
2025-07-11 06:55:44,162.80
2025-07-11 06:56:44,162.85
2025-07-11 06:57:44,162.90
2025-07-11 06:58:44,162.95
2025-07-11 06:59:44,163.00
2025-07-11 07:00:44,163.05
2025-07-11 07:01:44,163.10
2025-07-11 07:02:44,163.15
2025-07-11 07:03:44,163.20
2025-07-11 07:04:44,163.25
2025-07-11 07:05:44,163.30
2025-07-11 07:06:44,163.35
2025-07-11 07:07:44,163.40
2025-07-11 07:08:44,163.45
2025-07-11 07:09:44,163.50
2025-07-11 07:10:44,163.55
2025-07-11 07:11:44,163.60
2025-07-11 07:12:44,163.65
2025-07-11 07:13:44,163.70
2025-07-11 07:14:44,163.75
2025-07-11 07:15:44,163.80
2025-07-11 07:16:44,163.85
2025-07-11 07:17:44,163.90
2025-07-11 07:18:44,163.95
2025-07-11 07:19:44,164.00
2025-07-11 07:20:44,164.05
2025-07-11 07:21:44,164.10
2025-07-11 07:22:44,164.15
2025-07-11 07:23:44,164.20
2025-07-11 07:24:44,164.25
2025-07-11 07:25:44,164.30
2025-07-11 07:26:44,164.35
2025-07-11 07:27:44,164.40
2025-07-11 07:28:44,164.45
2025-07-11 07:29:44,164.50
2025-07-11 07:30:44,164.55
2025-07-11 07:31:44,164.60
2025-07-11 07:32:44,164.65
2025-07-11 07:33:44,164.70
2025-07-11 07:34:44,164.75
2025-07-11 07:35:44,164.80
2025-07-11 07:36:44,164.85
2025-07-11 07:37:44,164.90
2025-07-11 07:38:44,164.95
2025-07-11 07:39:44,165.00
2025-07-11 07:40:44,165.05
2025-07-11 07:41:44,165.10
2025-07-11 07:42:44,165.15
2025-07-11 07:43:44,165.20
2025-07-11 07:44:44,165.25
2025-07-11 07:45:44,165.30
2025-07-11 07:46:44,165.35
2025-07-11 07:47:44,165.40
2025-07-11 07:48:44,165.45
2025-07-11 07:49:44,165.50
2025-07-11 07:50:44,165.55
2025-07-11 07:51:44,165.60
2025-07-11 07:52:44,165.65
2025-07-11 07:53:44,165.70
2025-07-11 07:54:44,165.75
2025-07-11 07:55:44,165.80
2025-07-11 07:56:44,165.85
2025-07-11 07:57:44,165.90
2025-07-11 07:58:44,165.95
2025-07-11 07:59:44,166.00
2025-07-11 08:00:44,166.05
2025-07-11 08:01:44,166.10
2025-07-11 08:02:44,166.15
2025-07-11 08:03:44,166.20
2025-07-11 08:04:44,166.25
2025-07-11 08:05:44,166.30
2025-07-11 08:06:44,166.35
2025-07-11 08:07:44,166.40
2025-07-11 08:08:44,166.45
2025-07-11 08:09:44,166.50
2025-07-11 08:10:44,166.55
2025-07-11 08:11:44,166.60
2025-07-11 08:12:44,166.65
2025-07-11 08:13:44,166.70
2025-07-11 08:14:44,166.75
2025-07-11 08:15:44,166.80
2025-07-11 08:16:44,166.85
2025-07-11 08:17:44,166.90
2025-07-11 08:18:44,166.95
2025-07-11 08:19:44,167.00
2025-07-11 08:20:44,167.05
2025-07-11 08:21:44,167.10
2025-07-11 08:22:44,167.15
2025-07-11 08:23:44,167.20
2025-07-11 08:24:44,167.25
2025-07-11 08:25:44,167.30
2025-07-11 08:26:44,167.35
2025-07-11 08:27:44,167.40
2025-07-11 08:28:44,167.45
2025-07-11 08:29:44,167.50
2025-07-11 08:30:44,167.45
2025-07-11 08:31:44,167.40
2025-07-11 08:32:44,167.35
2025-07-11 08:33:44,167.30
2025-07-11 08:34:44,167.25
2025-07-11 08:35:44,167.20
2025-07-11 08:36:44,167.15
2025-07-11 08:37:44,167.10
2025-07-11 08:38:44,167.05
2025-07-11 08:39:44,167.00
2025-07-11 08:40:44,166.95
2025-07-11 08:41:44,166.90
2025-07-11 08:42:44,166.85
2025-07-11 08:43:44,166.80
2025-07-11 08:44:44,166.75
2025-07-11 08:45:44,166.70
2025-07-11 08:46:44,166.65
2025-07-11 08:47:44,166.60
2025-07-11 08:48:44,166.55
2025-07-11 08:49:44,166.50
2025-07-11 08:50:44,166.45
2025-07-11 08:51:44,166.40
2025-07-11 08:52:44,166.35
2025-07-11 08:53:44,166.30
2025-07-11 08:54:44,166.25
2025-07-11 08:55:44,166.20
2025-07-11 08:56:44,166.15
2025-07-11 08:57:44,166.10
2025-07-11 08:58:44,166.05
2025-07-11 08:59:44,166.00
2025-07-11 09:00:44,165.95
2025-07-11 09:01:44,165.90
2025-07-11 09:02:44,165.85
2025-07-11 09:03:44,165.80
2025-07-11 09:04:44,165.75
2025-07-11 09:05:44,165.70
2025-07-11 09:06:44,165.65
2025-07-11 09:07:44,165.60
2025-07-11 09:08:44,165.55
2025-07-11 09:09:44,165.50
2025-07-11 09:10:44,165.45
2025-07-11 09:11:44,165.40
2025-07-11 09:12:44,165.35
2025-07-11 09:13:44,165.30
2025-07-11 09:14:44,165.25
2025-07-11 09:15:44,165.20
2025-07-11 09:16:44,165.15
2025-07-11 09:17:44,165.10
2025-07-11 09:18:44,165.05
2025-07-11 09:19:44,165.00
2025-07-11 09:20:44,164.95
2025-07-11 09:21:44,164.90
2025-07-11 09:22:44,164.85
2025-07-11 09:23:44,164.80
2025-07-11 09:24:44,164.75
2025-07-11 09:25:44,164.70
2025-07-11 09:26:44,164.65
2025-07-11 09:27:44,164.60
2025-07-11 09:28:44,164.55
2025-07-11 09:29:44,164.50
2025-07-11 09:30:44,164.45
2025-07-11 09:31:44,164.40
2025-07-11 09:32:44,164.35
2025-07-11 09:33:44,164.30
2025-07-11 09:34:44,164.25
2025-07-11 09:35:44,164.20
2025-07-11 09:36:44,164.15
2025-07-11 09:37:44,164.10
2025-07-11 09:38:44,164.05
2025-07-11 09:39:44,164.00
2025-07-11 09:40:44,163.95
2025-07-11 09:41:44,163.90
2025-07-11 09:42:44,163.85
2025-07-11 09:43:44,163.80
2025-07-11 09:44:44,163.75
2025-07-11 09:45:44,163.70
2025-07-11 09:46:44,163.65
2025-07-11 09:47:44,163.60
2025-07-11 09:48:44,163.55
2025-07-11 09:49:44,163.50
2025-07-11 09:50:44,163.45
2025-07-11 09:51:44,163.40
2025-07-11 09:52:44,163.35
2025-07-11 09:53:44,163.30
2025-07-11 09:54:44,163.25
2025-07-11 09:55:44,163.20
2025-07-11 09:56:44,163.15
2025-07-11 09:57:44,163.10
2025-07-11 09:58:44,163.05
2025-07-11 09:59:44,163.00
2025-07-11 10:00:44,162.95
2025-07-11 10:01:44,162.90
2025-07-11 10:02:44,162.85
2025-07-11 10:03:44,162.80
2025-07-11 10:04:44,162.75
2025-07-11 10:05:44,162.70
2025-07-11 10:06:44,162.65
2025-07-11 10:07:44,162.60
2025-07-11 10:08:44,162.55
2025-07-11 10:09:44,162.50
2025-07-11 10:10:44,162.45
2025-07-11 10:11:44,162.40
2025-07-11 10:12:44,162.35
2025-07-11 10:13:44,162.30
2025-07-11 10:14:44,162.25
2025-07-11 10:15:44,162.20
2025-07-11 10:16:44,162.15
2025-07-11 10:17:44,162.10
2025-07-11 10:18:44,162.05
2025-07-11 10:19:44,162.00
2025-07-11 10:20:44,161.95
2025-07-11 10:21:44,161.90
2025-07-11 10:22:44,161.85
2025-07-11 10:23:44,161.80
2025-07-11 10:24:44,161.75
2025-07-11 10:25:44,161.70
2025-07-11 10:26:44,161.65
2025-07-11 10:27:44,161.60
2025-07-11 10:28:44,161.55
2025-07-11 10:29:44,161.50
2025-07-11 10:30:44,161.55
2025-07-11 10:31:44,161.60
2025-07-11 10:32:44,161.65
2025-07-11 10:33:44,161.70
2025-07-11 10:34:44,161.75
2025-07-11 10:35:44,161.80
2025-07-11 10:36:44,161.85
2025-07-11 10:37:44,161.90
2025-07-11 10:38:44,161.95
2025-07-11 10:39:44,162.00
2025-07-11 10:40:44,162.05
2025-07-11 10:41:44,162.10
2025-07-11 10:42:44,162.15
2025-07-11 10:43:44,162.20
2025-07-11 10:44:44,162.25
2025-07-11 10:45:44,162.30
2025-07-11 10:46:44,162.35
2025-07-11 10:47:44,162.40
2025-07-11 10:48:44,162.45
2025-07-11 10:49:44,162.50
2025-07-11 10:50:44,162.55
2025-07-11 10:51:44,162.60
2025-07-11 10:52:44,162.65
2025-07-11 10:53:44,162.70
2025-07-11 10:54:44,162.75
2025-07-11 10:55:44,162.80
2025-07-11 10:56:44,162.85
2025-07-11 10:57:44,162.90
2025-07-11 10:58:44,162.95
2025-07-11 10:59:44,163.00
2025-07-11 11:00:44,163.05
2025-07-11 11:01:44,163.10
2025-07-11 11:02:44,163.15
2025-07-11 11:03:44,163.20
2025-07-11 11:04:44,163.25
2025-07-11 11:05:44,163.30
2025-07-11 11:06:44,163.35
2025-07-11 11:07:44,163.40
2025-07-11 11:08:44,163.45
2025-07-11 11:09:44,163.50
2025-07-11 11:10:44,163.55
2025-07-11 11:11:44,163.60
2025-07-11 11:12:44,163.65
2025-07-11 11:13:44,163.70
2025-07-11 11:14:44,163.75
2025-07-11 11:15:44,163.80
2025-07-11 11:16:44,163.85
2025-07-11 11:17:44,163.90
2025-07-11 11:18:44,163.95
2025-07-11 11:19:44,164.00
2025-07-11 11:20:44,164.05
2025-07-11 11:21:44,164.10
2025-07-11 11:22:44,164.15
2025-07-11 11:23:44,164.20
2025-07-11 11:24:44,164.25
2025-07-11 11:25:44,164.30
2025-07-11 11:26:44,164.35
2025-07-11 11:27:44,164.40
2025-07-11 11:28:44,164.45
2025-07-11 11:29:44,164.50
2025-07-11 11:30:44,164.55
2025-07-11 11:31:44,164.60
2025-07-11 11:32:44,164.65
2025-07-11 11:33:44,164.70
2025-07-11 11:34:44,164.75
2025-07-11 11:35:44,164.80
2025-07-11 11:36:44,164.85
2025-07-11 11:37:44,164.90
2025-07-11 11:38:44,164.95
2025-07-11 11:39:44,165.00
2025-07-11 11:40:44,165.05
2025-07-11 11:41:44,165.10
2025-07-11 11:42:44,165.15
2025-07-11 11:43:44,165.20
2025-07-11 11:44:44,165.25
2025-07-11 11:45:44,165.30
2025-07-11 11:46:44,165.35
2025-07-11 11:47:44,165.40
2025-07-11 11:48:44,165.45
2025-07-11 11:49:44,165.50
2025-07-11 11:50:44,165.55
2025-07-11 11:51:44,165.60
2025-07-11 11:52:44,165.65
2025-07-11 11:53:44,165.70
2025-07-11 11:54:44,165.75
2025-07-11 11:55:44,165.80
2025-07-11 11:56:44,165.85
2025-07-11 11:57:44,165.90
2025-07-11 11:58:44,165.95
2025-07-11 11:59:44,166.00
2025-07-11 12:00:44,166.05
2025-07-11 12:01:44,166.10
2025-07-11 12:02:44,166.15
2025-07-11 12:03:44,166.20
2025-07-11 12:04:44,166.25
2025-07-11 12:05:44,166.30
2025-07-11 12:06:44,166.35
2025-07-11 12:07:44,166.40
2025-07-11 12:08:44,166.45
2025-07-11 12:09:44,166.50
2025-07-11 12:10:44,166.45
2025-07-11 12:11:44,166.40
2025-07-11 12:12:44,166.35
2025-07-11 12:13:44,166.30
2025-07-11 12:14:44,166.25
2025-07-11 12:15:44,166.20
2025-07-11 12:16:44,166.15
2025-07-11 12:17:44,166.10
2025-07-11 12:18:44,166.05
2025-07-11 12:19:44,166.00
2025-07-11 12:20:44,165.95
2025-07-11 12:21:44,165.90
2025-07-11 12:22:44,165.85
2025-07-11 12:23:44,165.80
2025-07-11 12:24:44,165.75
2025-07-11 12:25:44,165.70
2025-07-11 12:26:44,165.65
2025-07-11 12:27:44,165.60
2025-07-11 12:28:44,165.55
2025-07-11 12:29:44,165.50
2025-07-11 12:30:44,165.45
2025-07-11 12:31:44,165.40
2025-07-11 12:32:44,165.35
2025-07-11 12:33:44,165.30
2025-07-11 12:34:44,165.25
2025-07-11 12:35:44,165.20
2025-07-11 12:36:44,165.15
2025-07-11 12:37:44,165.10
2025-07-11 12:38:44,165.05
2025-07-11 12:39:44,165.00
2025-07-11 12:40:44,164.95
2025-07-11 12:41:44,164.90
2025-07-11 12:42:44,164.85
2025-07-11 12:43:44,164.80
2025-07-11 12:44:44,164.75
2025-07-11 12:45:44,164.70
2025-07-11 12:46:44,164.65
2025-07-11 12:47:44,164.60
2025-07-11 12:48:44,164.55
2025-07-11 12:49:44,164.50
2025-07-11 12:50:44,164.45
2025-07-11 12:51:44,164.40
2025-07-11 12:52:44,164.35
2025-07-11 12:53:44,164.30
2025-07-11 12:54:44,164.25
2025-07-11 12:55:44,164.20
2025-07-11 12:56:44,164.15
2025-07-11 12:57:44,164.10
2025-07-11 12:58:44,164.05
2025-07-11 12:59:44,164.00
2025-07-11 13:00:44,163.95
2025-07-11 13:01:44,163.90
2025-07-11 13:02:44,163.85
2025-07-11 13:03:44,163.80
2025-07-11 13:04:44,163.75
2025-07-11 13:05:44,163.70
2025-07-11 13:06:44,163.65
2025-07-11 13:07:44,163.60
2025-07-11 13:08:44,163.55
2025-07-11 13:09:44,163.50
2025-07-11 13:10:44,163.45
2025-07-11 13:11:44,163.40
2025-07-11 13:12:44,163.35
2025-07-11 13:13:44,163.30
2025-07-11 13:14:44,163.25
2025-07-11 13:15:44,163.20
2025-07-11 13:16:44,163.15
2025-07-11 13:17:44,163.10
2025-07-11 13:18:44,163.05
2025-07-11 13:19:44,163.00
2025-07-11 13:20:44,162.95
2025-07-11 13:21:44,162.90
2025-07-11 13:22:44,162.85
2025-07-11 13:23:44,162.80
2025-07-11 13:24:44,162.75
2025-07-11 13:25:44,162.70
2025-07-11 13:26:44,162.65
2025-07-11 13:27:44,162.60
2025-07-11 13:28:44,162.55
2025-07-11 13:29:44,162.50
2025-07-11 13:30:44,162.45
2025-07-11 13:31:44,162.40
2025-07-11 13:32:44,162.35
2025-07-11 13:33:44,162.30
2025-07-11 13:34:44,162.25
2025-07-11 13:35:44,162.20
2025-07-11 13:36:44,162.15
2025-07-11 13:37:44,162.10
2025-07-11 13:38:44,162.05
2025-07-11 13:39:44,162.00
2025-07-11 13:40:44,162.05
2025-07-11 13:41:44,162.10
2025-07-11 13:42:44,162.15
2025-07-11 13:43:44,162.20
2025-07-11 13:44:44,162.25
2025-07-11 13:45:44,162.30
2025-07-11 13:46:44,162.35
2025-07-11 13:47:44,162.40
2025-07-11 13:48:44,162.45
2025-07-11 13:49:44,162.50
2025-07-11 13:50:44,162.55
2025-07-11 13:51:44,162.60
2025-07-11 13:52:44,162.65
2025-07-11 13:53:44,162.70
2025-07-11 13:54:44,162.75
2025-07-11 13:55:44,162.80
2025-07-11 13:56:44,162.85
2025-07-11 13:57:44,162.90
2025-07-11 13:58:44,162.95
2025-07-11 13:59:44,163.00
2025-07-11 14:00:44,163.05
2025-07-11 14:01:44,163.10
2025-07-11 14:02:44,163.15
2025-07-11 14:03:44,163.20
2025-07-11 14:04:44,163.25
2025-07-11 14:05:44,163.30
2025-07-11 14:06:44,163.35
2025-07-11 14:07:44,163.40
2025-07-11 14:08:44,163.45
2025-07-11 14:09:44,163.50
2025-07-11 14:10:44,163.55
2025-07-11 14:11:44,163.60
2025-07-11 14:12:44,163.65
2025-07-11 14:13:44,163.70
2025-07-11 14:14:44,163.75
2025-07-11 14:15:44,163.80
2025-07-11 14:16:44,163.85
2025-07-11 14:17:44,163.90
2025-07-11 14:18:44,163.95
2025-07-11 14:19:44,164.00
2025-07-11 14:20:44,164.05
2025-07-11 14:21:44,164.10
2025-07-11 14:22:44,164.15
2025-07-11 14:23:44,164.20
2025-07-11 14:24:44,164.25
2025-07-11 14:25:44,164.30
2025-07-11 14:26:44,164.35
2025-07-11 14:27:44,164.40
2025-07-11 14:28:44,164.45
2025-07-11 14:29:44,164.50
2025-07-11 14:30:44,164.55
2025-07-11 14:31:44,164.60
2025-07-11 14:32:44,164.65
2025-07-11 14:33:44,164.70
2025-07-11 14:34:44,164.75
2025-07-11 14:35:44,164.80
2025-07-11 14:36:44,164.85
2025-07-11 14:37:44,164.90
2025-07-11 14:38:44,164.95
2025-07-11 14:39:44,164.80
2025-07-11 14:40:44,164.65
2025-07-11 14:41:44,164.50
2025-07-11 14:42:44,164.35
2025-07-11 14:43:44,164.20
2025-07-11 14:44:44,164.05
2025-07-11 14:45:04,164.36455462021632
2025-07-11 14:46:04,164.54287905535082
2025-07-11 14:47:04,164.52412333611963
2025-07-11 14:48:05,164.23484794162547
2025-07-11 14:49:05,164.08443358100055
2025-07-11 14:50:05,164.05123534658543
2025-07-11 14:51:05,163.91411687534196
2025-07-11 14:52:05,163.97502061276333
2025-07-11 14:53:05,164.01240885626098
2025-07-11 14:54:06,164.31028105469707
2025-07-11 14:55:06,164.3228287901508
2025-07-11 14:56:06,164.30498012440822
2025-07-11 14:57:06,164.17829014348985
2025-07-11 14:58:07,164.3259750399847
2025-07-11 14:59:07,164.32883654143723
2025-07-11 15:00:07,164.4466097498313
2025-07-11 15:01:07,164.12696277543688
2025-07-11 15:02:08,164.03457387801515
2025-07-11 15:03:08,164.04291494372063
2025-07-11 15:04:08,163.87302723095067
2025-07-11 15:05:08,163.79298680888698
2025-07-11 15:07:09,163.4737717319597
2025-07-11 15:08:09,163.67565801543225
2025-07-11 15:09:09,163.93347757902717
2025-07-11 15:10:09,163.77534173419454
2025-07-11 15:11:10,163.78203956309682
2025-07-11 15:12:10,163.81890121833004
2025-07-11 15:13:10,163.93312728829912
2025-07-11 15:14:10,164.06062429745424
2025-07-11 15:15:11,164.06759929395918
2025-07-11 15:16:11,164.09925399896798
2025-07-11 15:17:11,164.18197196280528
2025-07-11 15:18:11,164.27616907176267
2025-07-11 15:19:12,164.2389518723376
2025-07-11 15:20:12,164.27995522711245
2025-07-11 15:21:12,164.40076641817916
2025-07-11 15:22:12,164.22425108615928
2025-07-11 15:23:13,164.43049997993396
2025-07-11 15:24:13,164.49883169865768
2025-07-11 15:25:13,164.56669267479305
2025-07-11 15:26:14,164.6145170721896
2025-07-11 15:27:14,164.67155488217747
2025-07-11 15:28:14,164.57394831012905
2025-07-11 15:29:15,164.48428065579068
2025-07-11 15:30:15,163.87445007809885
2025-07-11 15:31:15,164.09902886474947
2025-07-11 15:32:15,164.36293837247874
2025-07-11 15:33:15,164.46391867990712
2025-07-11 15:34:16,164.38685032471253
2025-07-11 15:35:16,164.39488346741405
2025-07-11 15:36:16,164.35634406814665
2025-07-11 15:37:16,164.53368011385282
2025-07-11 15:38:17,164.31868667947447
2025-07-11 15:39:17,164.37580122492295
2025-07-11 15:40:17,164.3721014869226
2025-07-11 15:41:17,164.24226469790145
2025-07-11 15:42:18,164.03037703652205
2025-07-11 15:43:18,164.17044992503997
2025-07-11 15:44:18,164.01509278703844
2025-07-11 15:45:18,164.1356250869835
2025-07-11 15:46:19,163.98718214649892
2025-07-11 15:47:19,164.02998665462766
2025-07-11 15:48:19,164.23791397644794
2025-07-11 15:49:19,164.07557999663703
2025-07-11 15:50:20,164.26697345556934
2025-07-11 15:51:20,164.27866803775842
2025-07-11 15:52:20,164.39017946302835
2025-07-11 15:53:20,164.34144837836308
2025-07-11 15:54:20,164.1018212916765
2025-07-11 15:55:21,164.2903309906107
2025-07-11 15:56:21,164.36697502918113
2025-07-11 15:57:21,164.30430192546902
2025-07-11 15:58:22,164.16310314038574
2025-07-11 15:59:22,164.4129052206655
2025-07-11 16:00:22,164.42743880677327
2025-07-11 16:01:22,164.21054707270332
2025-07-11 16:02:23,164.18785248737703
2025-07-11 16:03:23,164.2937028765202
2025-07-11 16:04:23,164.14583712130224
2025-07-11 16:05:24,164.25135428108763
2025-07-11 16:06:24,164.15635485250883
2025-07-11 16:07:24,164.36908166394394
2025-07-11 16:08:24,164.15455518348418
2025-07-11 16:09:24,164.1366268538303
2025-07-11 16:10:25,164.4509331292135
2025-07-11 16:11:25,164.3421518961322
2025-07-11 16:12:25,164.42055814594352
2025-07-11 16:13:26,164.6987009235051
2025-07-11 16:14:26,164.44685126842109
2025-07-11 16:15:26,164.47109655387175
2025-07-11 16:16:26,164.303459713417
2025-07-11 16:17:27,164.38900367920624
2025-07-11 16:18:27,164.57304326873341
2025-07-11 16:19:27,164.48793503561046
2025-07-11 16:20:27,164.51741982062018
2025-07-11 16:21:27,164.57205741712357
2025-07-11 16:22:28,164.4007163540187
2025-07-11 16:23:28,164.37382318079042
2025-07-11 16:24:28,164.3592124614697
2025-07-11 16:25:29,164.31371208593464
2025-07-11 16:26:29,164.11746409538176
2025-07-11 16:27:29,164.0420961237614
2025-07-11 16:28:30,164.10923554054003
2025-07-11 16:29:30,164.15916538515037
2025-07-11 16:30:30,163.94638622409292
2025-07-11 16:31:31,163.89251163693893
2025-07-11 16:32:31,163.6370727218353
2025-07-11 16:33:31,163.65119657613073
2025-07-11 16:34:31,163.41535090917182
2025-07-11 16:35:32,163.56051353539323
2025-07-11 16:36:32,163.65477732149805
2025-07-11 16:37:32,163.56736705735335
2025-07-11 16:38:33,163.65742928059555
2025-07-11 16:39:33,163.45755524234895
2025-07-11 16:40:33,163.38361121713348
2025-07-11 16:41:33,163.47813778269693
2025-07-11 16:42:34,163.39729201150584
2025-07-11 16:43:34,163.35022318959366
2025-07-11 16:44:35,163.22644420488342
